led_type,dataset,strategy,range,batch_name,file_path,raw_edges_in_file,n_edges_added,from_overlap,to_overlap,edge_overlap,ssa_before,ssa_after,delta_ssa,mean_sim_added,median_sim_added,std_sim_added,added_edges_covered,added_edges_total,added_coverage,updated_edges_covered,updated_edges_total,updated_coverage
automatic,unknown,folder_batches,unknown,240_folder_updated_link_graph_1,/content/drive/MyDrive/WebKnoGraph/results/automatic_led/folder_batches/240_folder_updated_link_graph_1.csv,121352,232,1.0,1.0,1.0,0.8258532610737812,0.8256784510236818,-0.00017481005009944983,0.6737613531409717,0.6723716259002686,0.08334767916535733,122,232,0.5258620689655172,106145,121352,0.8746868613619883
automatic,unknown,folder_batches,unknown,240_folder_updated_link_graph_10,/content/drive/MyDrive/WebKnoGraph/results/automatic_led/folder_batches/240_folder_updated_link_graph_10.csv,121344,224,1.0,1.0,1.0,0.8258532610737812,0.8256739718864234,-0.00017928918735776733,0.6685766370828486,0.6781787276268005,0.08802992584040213,121,224,0.5401785714285714,106144,121344,0.8747362869198312
automatic,unknown,folder_batches,unknown,240_folder_updated_link_graph_2,/content/drive/MyDrive/WebKnoGraph/results/automatic_led/folder_batches/240_folder_updated_link_graph_2.csv,121352,232,1.0,1.0,1.0,0.8258532610737812,0.8256777474144655,-0.00017551365931567364,0.670607041567564,0.6696456074714661,0.0911889637945371,120,232,0.5172413793103449,106143,121352,0.8746703803810403
automatic,unknown,folder_batches,unknown,240_folder_updated_link_graph_3,/content/drive/MyDrive/WebKnoGraph/results/automatic_led/folder_batches/240_folder_updated_link_graph_3.csv,121350,230,1.0,1.0,1.0,0.8258532610737812,0.8256798182386835,-0.00017344283509768132,0.6785683805942535,0.6777437329292297,0.08516210889611377,125,230,0.5434782608695652,106148,121350,0.8747259991759374
automatic,unknown,folder_batches,unknown,240_folder_updated_link_graph_4,/content/drive/MyDrive/WebKnoGraph/results/automatic_led/folder_batches/240_folder_updated_link_graph_4.csv,121348,228,1.0,1.0,1.0,0.8258532610737812,0.8256667126289183,-0.00018654844486287736,0.6474826966857051,0.6460503339767456,0.0858085881355873,111,228,0.4868421052631579,106134,121348,0.8746250453241916
automatic,unknown,folder_batches,unknown,240_folder_updated_link_graph_5,/content/drive/MyDrive/WebKnoGraph/results/automatic_led/folder_batches/240_folder_updated_link_graph_5.csv,121346,226,1.0,1.0,1.0,0.8258532610737812,0.8256873224054527,-0.00016593866832848025,0.6765914289122921,0.6963547468185425,0.08967296396404194,118,226,0.5221238938053098,106141,121346,0.8746971470011372
automatic,unknown,folder_batches,unknown,240_folder_updated_link_graph_6,/content/drive/MyDrive/WebKnoGraph/results/automatic_led/folder_batches/240_folder_updated_link_graph_6.csv,121354,234,1.0,1.0,1.0,0.8258532610737812,0.8256692705916939,-0.00018399048208728175,0.6708500413667589,0.6735174655914307,0.08252823019541315,126,234,0.5384615384615384,106149,121354,0.8747054073207311
automatic,unknown,folder_batches,unknown,240_folder_updated_link_graph_7,/content/drive/MyDrive/WebKnoGraph/results/automatic_led/folder_batches/240_folder_updated_link_graph_7.csv,121344,224,1.0,1.0,1.0,0.8258532610737812,0.8256947601811581,-0.00015850089262314793,0.6808263107106604,0.6800050139427185,0.08727626428510021,116,224,0.5178571428571429,106139,121344,0.8746950817510548
automatic,unknown,folder_batches,unknown,240_folder_updated_link_graph_8,/content/drive/MyDrive/WebKnoGraph/results/automatic_led/folder_batches/240_folder_updated_link_graph_8.csv,121346,226,1.0,1.0,1.0,0.8258532610737812,0.8256661878055015,-0.00018707326827971382,0.679827444255352,0.6899600028991699,0.09294447494866342,136,226,0.6017699115044248,106159,121346,0.8748454831638456
automatic,unknown,folder_batches,unknown,240_folder_updated_link_graph_9,/content/drive/MyDrive/WebKnoGraph/results/automatic_led/folder_batches/240_folder_updated_link_graph_9.csv,121347,227,1.0,1.0,1.0,0.8258532610737812,0.8256678820385784,-0.00018537903520277066,0.6696802514886099,0.6628096699714661,0.08661889341765348,126,227,0.5550660792951542,106149,121347,0.8747558654107642
automatic,unknown,high_batches,unknown,240_high_updated_link_graph_1,/content/drive/MyDrive/WebKnoGraph/results/automatic_led/high_batches/240_high_updated_link_graph_1.csv,121360,240,1.0,1.0,1.0,0.8258532610737812,0.825565873196543,-0.0002873878772382543,0.6374811515396024,0.6397789418697357,0.07739692415557303,162,240,0.675,106185,121360,0.8749588002636783
automatic,unknown,high_batches,unknown,240_high_updated_link_graph_10,/content/drive/MyDrive/WebKnoGraph/results/automatic_led/high_batches/240_high_updated_link_graph_10.csv,121360,240,1.0,1.0,1.0,0.8258532610737812,0.8255439582274455,-0.0003093028463356795,0.620586360245943,0.6214072704315186,0.06544114469691176,160,240,0.6666666666666666,106183,121360,0.8749423203691497
automatic,unknown,high_batches,unknown,240_high_updated_link_graph_2,/content/drive/MyDrive/WebKnoGraph/results/automatic_led/high_batches/240_high_updated_link_graph_2.csv,121360,240,1.0,1.0,1.0,0.8258532610737812,0.8255523167758181,-0.00030094429796312383,0.6309973332213192,0.6274917721748352,0.07242808761002349,164,240,0.6833333333333333,106187,121360,0.874975280158207
automatic,unknown,high_batches,unknown,240_high_updated_link_graph_3,/content/drive/MyDrive/WebKnoGraph/results/automatic_led/high_batches/240_high_updated_link_graph_3.csv,121360,240,1.0,1.0,1.0,0.8258532610737812,0.8255819373889104,-0.0002713236848708167,0.6338049304485321,0.6311123371124268,0.08062271904542581,150,240,0.625,106173,121360,0.8748599208965062
automatic,unknown,high_batches,unknown,240_high_updated_link_graph_4,/content/drive/MyDrive/WebKnoGraph/results/automatic_led/high_batches/240_high_updated_link_graph_4.csv,121360,240,1.0,1.0,1.0,0.8258532610737812,0.8255614837469154,-0.00029177732686580526,0.6246841621476334,0.6200218498706818,0.0689907884142471,154,240,0.6416666666666667,106177,121360,0.8748928806855636
automatic,unknown,high_batches,unknown,240_high_updated_link_graph_5,/content/drive/MyDrive/WebKnoGraph/results/automatic_led/high_batches/240_high_updated_link_graph_5.csv,121360,240,1.0,1.0,1.0,0.8258532610737812,0.8255699674010575,-0.00028329367272372785,0.6401647509616099,0.639037549495697,0.08838352184131415,162,240,0.675,106185,121360,0.8749588002636783
automatic,unknown,high_batches,unknown,240_high_updated_link_graph_6,/content/drive/MyDrive/WebKnoGraph/results/automatic_led/high_batches/240_high_updated_link_graph_6.csv,121360,240,1.0,1.0,1.0,0.8258532610737812,0.8255523186407574,-0.00030094243302380974,0.6321776545409,0.6366791725158691,0.08202656943350745,165,240,0.6875,106188,121360,0.8749835201054713
automatic,unknown,high_batches,unknown,240_high_updated_link_graph_7,/content/drive/MyDrive/WebKnoGraph/results/automatic_led/high_batches/240_high_updated_link_graph_7.csv,121360,240,1.0,1.0,1.0,0.8258532610737812,0.825543821638204,-0.0003094394355772634,0.6302599092679364,0.6348856985569,0.08014862009299185,168,240,0.7,106191,121360,0.8750082399472643
automatic,unknown,high_batches,unknown,240_high_updated_link_graph_8,/content/drive/MyDrive/WebKnoGraph/results/automatic_led/high_batches/240_high_updated_link_graph_8.csv,121360,240,1.0,1.0,1.0,0.8258532610737812,0.8255681992927206,-0.00028506178106058044,0.6330643444304254,0.635190486907959,0.07665861771058227,157,240,0.6541666666666667,106180,121360,0.8749176005273567
automatic,unknown,high_batches,unknown,240_high_updated_link_graph_9,/content/drive/MyDrive/WebKnoGraph/results/automatic_led/high_batches/240_high_updated_link_graph_9.csv,121360,240,1.0,1.0,1.0,0.8258532610737812,0.8255683618326541,-0.0002848992411270679,0.6281443602508969,0.6286280155181885,0.08316416383608276,153,240,0.6375,106176,121360,0.8748846407382993
automatic,unknown,low_batches,unknown,240_low_updated_link_graph_1,/content/drive/MyDrive/WebKnoGraph/results/automatic_led/low_batches/240_low_updated_link_graph_1.csv,121360,240,1.0,1.0,1.0,0.8258532610737812,0.8255943450469883,-0.00025891602679295467,0.6349620262367858,0.6369202435016632,0.07429699367835142,144,240,0.6,106167,121360,0.8748104812129203
automatic,unknown,low_batches,unknown,240_low_updated_link_graph_10,/content/drive/MyDrive/WebKnoGraph/results/automatic_led/low_batches/240_low_updated_link_graph_10.csv,121360,240,1.0,1.0,1.0,0.8258532610737812,0.8255807489164302,-0.00027251215735102363,0.6329637058575948,0.635254979133606,0.07056169874350275,150,240,0.625,106173,121360,0.8748599208965062
automatic,unknown,low_batches,unknown,240_low_updated_link_graph_2,/content/drive/MyDrive/WebKnoGraph/results/automatic_led/low_batches/240_low_updated_link_graph_2.csv,121359,239,1.0,1.0,1.0,0.8258532610737812,0.8255795030779999,-0.00027375799578133186,0.6383237354217037,0.6354663968086243,0.08105800754956693,155,239,0.6485355648535565,106178,121359,0.8749083298313269
automatic,unknown,low_batches,unknown,240_low_updated_link_graph_3,/content/drive/MyDrive/WebKnoGraph/results/automatic_led/low_batches/240_low_updated_link_graph_3.csv,121360,240,1.0,1.0,1.0,0.8258532610737812,0.8255812956651352,-0.00027196540864604657,0.6358800553961804,0.6344539225101471,0.08374077866983974,152,240,0.6333333333333333,106175,121360,0.8748764007910349
automatic,unknown,low_batches,unknown,240_low_updated_link_graph_4,/content/drive/MyDrive/WebKnoGraph/results/automatic_led/low_batches/240_low_updated_link_graph_4.csv,121360,240,1.0,1.0,1.0,0.8258532610737812,0.8255846803772873,-0.00026858069649393634,0.6344723905492949,0.6451431512832642,0.06767414007537194,149,240,0.6208333333333333,106172,121360,0.8748516809492419
automatic,unknown,low_batches,unknown,240_low_updated_link_graph_5,/content/drive/MyDrive/WebKnoGraph/results/automatic_led/low_batches/240_low_updated_link_graph_5.csv,121360,240,1.0,1.0,1.0,0.8258532610737812,0.825568589880594,-0.0002846711931872026,0.6308479839755643,0.6381044387817383,0.07496752813533801,155,240,0.6458333333333334,106178,121360,0.874901120632828
automatic,unknown,low_batches,unknown,240_low_updated_link_graph_6,/content/drive/MyDrive/WebKnoGraph/results/automatic_led/low_batches/240_low_updated_link_graph_6.csv,121360,240,1.0,1.0,1.0,0.8258532610737812,0.8255691281733538,-0.0002841329004273918,0.6349069604390785,0.6354415416717529,0.07664542196545321,158,240,0.6583333333333333,106181,121360,0.874925840474621
automatic,unknown,low_batches,unknown,240_low_updated_link_graph_7,/content/drive/MyDrive/WebKnoGraph/results/automatic_led/low_batches/240_low_updated_link_graph_7.csv,121360,240,1.0,1.0,1.0,0.8258532610737812,0.8255512858130936,-0.000301975260687648,0.6279196619619558,0.6348861753940582,0.07746806108535792,162,240,0.675,106185,121360,0.8749588002636783
automatic,unknown,low_batches,unknown,240_low_updated_link_graph_8,/content/drive/MyDrive/WebKnoGraph/results/automatic_led/low_batches/240_low_updated_link_graph_8.csv,121360,240,1.0,1.0,1.0,0.8258532610737812,0.8256094046024436,-0.00024385647133762234,0.6409351570265633,0.6403142213821411,0.07918824544636187,140,240,0.5833333333333334,106163,121360,0.8747775214238629
automatic,unknown,low_batches,unknown,240_low_updated_link_graph_9,/content/drive/MyDrive/WebKnoGraph/results/automatic_led/low_batches/240_low_updated_link_graph_9.csv,121360,240,1.0,1.0,1.0,0.8258532610737812,0.8255841621920118,-0.0002690988817694029,0.632809359882329,0.6358498930931091,0.07751514897034435,148,240,0.6166666666666667,106171,121360,0.8748434410019776
automatic,unknown,mixed_batches,unknown,240_mixed_updated_link_graph_1,/content/drive/MyDrive/WebKnoGraph/results/automatic_led/mixed_batches/240_mixed_updated_link_graph_1.csv,121359,239,1.0,1.0,1.0,0.8258532610737812,0.8256106710117979,-0.00024259006198334987,0.6418954842856952,0.6441411375999451,0.07585132671239064,140,239,0.5857740585774058,106163,121359,0.8747847296039025
automatic,unknown,mixed_batches,unknown,240_mixed_updated_link_graph_10,/content/drive/MyDrive/WebKnoGraph/results/automatic_led/mixed_batches/240_mixed_updated_link_graph_10.csv,121357,237,1.0,1.0,1.0,0.8258532610737812,0.8255616866978448,-0.0002915743759364098,0.6299060534072828,0.6318009197711945,0.07726943556497837,158,237,0.6666666666666666,106181,121357,0.8749474690376328
automatic,unknown,mixed_batches,unknown,240_mixed_updated_link_graph_2,/content/drive/MyDrive/WebKnoGraph/results/automatic_led/mixed_batches/240_mixed_updated_link_graph_2.csv,121357,237,1.0,1.0,1.0,0.8258532610737812,0.8256129377377792,-0.00024032333600199074,0.6354651686860554,0.6325842142105103,0.08461206038875928,134,237,0.5654008438818565,106157,121357,0.8747497054146032
automatic,unknown,mixed_batches,unknown,240_mixed_updated_link_graph_3,/content/drive/MyDrive/WebKnoGraph/results/automatic_led/mixed_batches/240_mixed_updated_link_graph_3.csv,121359,239,1.0,1.0,1.0,0.8258532610737812,0.8255690464027042,-0.0002842146710769766,0.6260108207630006,0.6351227164268494,0.06947235837640764,151,239,0.6317991631799164,106174,121359,0.8748753697706804
automatic,unknown,mixed_batches,unknown,240_mixed_updated_link_graph_4,/content/drive/MyDrive/WebKnoGraph/results/automatic_led/mixed_batches/240_mixed_updated_link_graph_4.csv,121359,239,1.0,1.0,1.0,0.8258532610737812,0.8255726960946781,-0.00028056497910311506,0.6259328250917012,0.6276035904884338,0.07114149140538245,149,239,0.6234309623430963,106172,121359,0.8748588897403571
automatic,unknown,mixed_batches,unknown,240_mixed_updated_link_graph_5,/content/drive/MyDrive/WebKnoGraph/results/automatic_led/mixed_batches/240_mixed_updated_link_graph_5.csv,121358,238,1.0,1.0,1.0,0.8258532610737812,0.8256013343146278,-0.0002519267591534202,0.6401150094138252,0.6399427056312561,0.07772891690873007,144,238,0.6050420168067226,106167,121358,0.8748248982349742
automatic,unknown,mixed_batches,unknown,240_mixed_updated_link_graph_6,/content/drive/MyDrive/WebKnoGraph/results/automatic_led/mixed_batches/240_mixed_updated_link_graph_6.csv,121359,239,1.0,1.0,1.0,0.8258532610737812,0.8255987940402014,-0.00025446703357978606,0.6382421391705672,0.6364423930644989,0.08041319581871093,144,239,0.602510460251046,106167,121359,0.874817689664549
automatic,unknown,mixed_batches,unknown,240_mixed_updated_link_graph_7,/content/drive/MyDrive/WebKnoGraph/results/automatic_led/mixed_batches/240_mixed_updated_link_graph_7.csv,121357,237,1.0,1.0,1.0,0.8258532610737812,0.825590096575497,-0.0002631644982842296,0.633166030357624,0.6331399083137512,0.07028088727672271,145,237,0.6118143459915611,106168,121357,0.8748403470751585
automatic,unknown,mixed_batches,unknown,240_mixed_updated_link_graph_8,/content/drive/MyDrive/WebKnoGraph/results/automatic_led/mixed_batches/240_mixed_updated_link_graph_8.csv,121359,239,1.0,1.0,1.0,0.8258532610737812,0.8255966333738017,-0.00025662769997947255,0.6429896626696491,0.634511411190033,0.08321762980341214,149,239,0.6234309623430963,106172,121359,0.8748588897403571
automatic,unknown,mixed_batches,unknown,240_mixed_updated_link_graph_9,/content/drive/MyDrive/WebKnoGraph/results/automatic_led/mixed_batches/240_mixed_updated_link_graph_9.csv,121360,240,1.0,1.0,1.0,0.8258532610737812,0.8255714772225957,-0.0002817838511854909,0.634061417900599,0.632826179265976,0.07414668086509131,156,240,0.65,106179,121360,0.8749093605800923
automatic,unknown,random_batches,unknown,240_random_updated_link_graph_1,/content/drive/MyDrive/WebKnoGraph/results/automatic_led/random_batches/240_random_updated_link_graph_1.csv,121358,238,1.0,1.0,1.0,0.8258532610737812,0.8256123410161603,-0.00024092005762088586,0.6145126115192067,0.6213824152946472,0.07538021951395268,121,238,0.5084033613445378,106144,121358,0.8746353763245933
automatic,unknown,random_batches,unknown,240_random_updated_link_graph_10,/content/drive/MyDrive/WebKnoGraph/results/automatic_led/random_batches/240_random_updated_link_graph_10.csv,121355,235,1.0,1.0,1.0,0.8258532610737812,0.8256311258001301,-0.00022213527365111396,0.6153503390295165,0.6097870767116547,0.08358138390429434,112,235,0.4765957446808511,106135,121355,0.8745828354826748
automatic,unknown,random_batches,unknown,240_random_updated_link_graph_2,/content/drive/MyDrive/WebKnoGraph/results/automatic_led/random_batches/240_random_updated_link_graph_2.csv,121356,236,1.0,1.0,1.0,0.8258532610737812,0.8256401339003824,-0.00021312717339883047,0.6183338742190545,0.6193545460700989,0.07764184012214378,109,236,0.461864406779661,106132,121356,0.8745509080721184
automatic,unknown,random_batches,unknown,240_random_updated_link_graph_3,/content/drive/MyDrive/WebKnoGraph/results/automatic_led/random_batches/240_random_updated_link_graph_3.csv,121360,240,1.0,1.0,1.0,0.8258532610737812,0.825605312492044,-0.0002479485817371563,0.6136032763508058,0.6053272485733032,0.08023671161915538,124,240,0.5166666666666667,106147,121360,0.8746456822676335
automatic,unknown,random_batches,unknown,240_random_updated_link_graph_4,/content/drive/MyDrive/WebKnoGraph/results/automatic_led/random_batches/240_random_updated_link_graph_4.csv,121355,235,1.0,1.0,1.0,0.8258532610737812,0.8255956840366335,-0.00025757703714768265,0.6105634776626047,0.6108412146568298,0.07589810773494209,127,235,0.5404255319148936,106150,121355,0.8747064397841045
automatic,unknown,random_batches,unknown,240_random_updated_link_graph_5,/content/drive/MyDrive/WebKnoGraph/results/automatic_led/random_batches/240_random_updated_link_graph_5.csv,121356,236,1.0,1.0,1.0,0.8258532610737812,0.8256106054031394,-0.0002426556706418559,0.6094166376009709,0.6111615300178528,0.07439534010496902,119,236,0.5042372881355932,106142,121356,0.8746333102607206
automatic,unknown,random_batches,unknown,240_random_updated_link_graph_6,/content/drive/MyDrive/WebKnoGraph/results/automatic_led/random_batches/240_random_updated_link_graph_6.csv,121357,237,1.0,1.0,1.0,0.8258532610737812,0.8256341356874031,-0.0002191253863781384,0.6163338578499116,0.6029927134513855,0.08055758499251786,111,237,0.46835443037974683,106134,121357,0.8745601819425332
automatic,unknown,random_batches,unknown,240_random_updated_link_graph_7,/content/drive/MyDrive/WebKnoGraph/results/automatic_led/random_batches/240_random_updated_link_graph_7.csv,121358,238,1.0,1.0,1.0,0.8258532610737812,0.8256111177873038,-0.00024214328647742533,0.6116714706023534,0.608757734298706,0.08101218244875816,120,238,0.5042016806722689,106143,121358,0.8746271362415333
automatic,unknown,random_batches,unknown,240_random_updated_link_graph_8,/content/drive/MyDrive/WebKnoGraph/results/automatic_led/random_batches/240_random_updated_link_graph_8.csv,121355,235,1.0,1.0,1.0,0.8258532610737812,0.825632723521976,-0.00022053755180517776,0.6111184771454662,0.6053858399391174,0.0834310525922356,109,235,0.46382978723404256,106132,121355,0.8745581146223889
automatic,unknown,random_batches,unknown,240_random_updated_link_graph_9,/content/drive/MyDrive/WebKnoGraph/results/automatic_led/random_batches/240_random_updated_link_graph_9.csv,121360,240,1.0,1.0,1.0,0.8258532610737812,0.8256106691032561,-0.00024259197052511894,0.6038836993533989,0.6025846898555756,0.07205710513106753,116,240,0.48333333333333334,106139,121360,0.8745797626895188
expert,unknown,folder_batches,unknown,240_folder_updated_link_graph_1,/content/drive/MyDrive/WebKnoGraph/results/expert_led/folder_batches/240_folder_updated_link_graph_1.csv,121358,238,0.99999175991694,1.0,0.99999175991694,0.8258532610737812,0.8257218709898477,-0.00013139008393348028,0.653741983719814,0.6418781280517578,0.07846175683728145,81,238,0.3403361344537815,106104,121358,0.8743057730021918
expert,unknown,folder_batches,unknown,240_folder_updated_link_graph_2,/content/drive/MyDrive/WebKnoGraph/results/expert_led/folder_batches/240_folder_updated_link_graph_2.csv,121340,220,1.0,1.0,1.0,0.8258532610737812,0.8257363122766799,-0.00011694879710133499,0.6979088657295581,0.7077010869979858,0.10394154769617059,97,220,0.4409090909090909,106120,121340,0.8745673314653041
expert,unknown,high_batches,unknown,240_high_updated_link_graph_1,/content/drive/MyDrive/WebKnoGraph/results/expert_led/high_batches/240_high_updated_link_graph_1.csv,121343,223,1.0,1.0,1.0,0.8258532610737812,0.8257320052153921,-0.00012125585838906883,0.6931968518753642,0.7018660306930542,0.09819712474920679,97,223,0.4349775784753363,106120,121343,0.8745457092704153
expert,unknown,high_batches,unknown,240_high_updated_link_graph_2,/content/drive/MyDrive/WebKnoGraph/results/expert_led/high_batches/240_high_updated_link_graph_2.csv,121335,215,1.0,1.0,1.0,0.8258532610737812,0.8256412495605959,-0.000212011513185284,0.6301795394524284,0.6210145354270935,0.0708617417441889,115,215,0.5348837209302325,106138,121335,0.8747517204434005
expert,unknown,low_batches,unknown,240_low_updated_link_graph_1,/content/drive/MyDrive/WebKnoGraph/results/expert_led/low_batches/240_low_updated_link_graph_1.csv,121360,240,1.0,1.0,1.0,0.8258532610737812,0.8257237056817901,-0.00012955539199110966,0.6322610109624728,0.6438937783241272,0.08053373808583345,71,240,0.29583333333333334,106094,121360,0.8742089650626236
expert,unknown,low_batches,unknown,240_low_updated_link_graph_2,/content/drive/MyDrive/WebKnoGraph/results/expert_led/low_batches/240_low_updated_link_graph_2.csv,121360,240,1.0,1.0,1.0,0.8258532610737812,0.8255808044995648,-0.00027245657421637315,0.6355369665512913,0.6246516704559326,0.087446256175148,152,240,0.6333333333333333,106175,121360,0.8748764007910349
expert,unknown,mixed_batches,unknown,240_mixed_updated_link_graph_1,/content/drive/MyDrive/WebKnoGraph/results/expert_led/mixed_batches/240_mixed_updated_link_graph_1.csv,121355,235,1.0,1.0,1.0,0.8258532610737812,0.8256803226616655,-0.0001729384121157418,0.621953108575609,0.6237750351428986,0.07736774750239017,90,235,0.3829787234042553,106113,121355,0.8744015491739112
expert,unknown,mixed_batches,unknown,240_mixed_updated_link_graph_2,/content/drive/MyDrive/WebKnoGraph/results/expert_led/mixed_batches/240_mixed_updated_link_graph_2.csv,121225,105,1.0,1.0,1.0,0.8258532610737812,0.8258073839075826,-4.587716619863791e-05,0.6738062966614962,0.6529031097888947,0.07932548523156426,32,105,0.3047619047619048,106055,121225,0.8748607960404207
expert,unknown,random_batches,unknown,240_random_updated_link_graph_1,/content/drive/MyDrive/WebKnoGraph/results/expert_led/random_batches/240_random_updated_link_graph_1.csv,121356,236,1.0,1.0,1.0,0.8258532610737812,0.8257685160208914,-8.474505288980083e-05,0.6168167778225833,0.6283518075942993,0.07824259174333191,43,236,0.18220338983050846,106066,121356,0.8740070536273443
expert,unknown,random_batches,unknown,240_random_updated_link_graph_2,/content/drive/MyDrive/WebKnoGraph/results/expert_led/random_batches/240_random_updated_link_graph_2.csv,121359,239,1.0,1.0,1.0,0.8258532610737812,0.825612754549478,-0.00024050652430318564,0.6183019966129365,0.6096987724304199,0.07650496983059939,123,239,0.5146443514644351,106146,121359,0.8746446493461548
